{
  "topics": [{
    "color": "#DFD7E9",
    "description": null,
    "description_short": null,
    "featured": false,
    "image_url": null,
    "meditations": ["c547f8dc-f150-464a-ba59-3131a4bf6944", "9e132704-580e-4893-9ddc-bbf0c2cb7f0e", "bf4246e0-89b5-47a2-a359-fbcae2103dbf", "88862a78-047c-4b5d-8119-85aa61547f70", "7a60a340-5790-42ad-ba71-bd1e7fd7bf4b", "460c0495-7971-4c98-8ed8-bb03a6c23ed0"],
    "parent_uuid": "bd8252c1-5aad-4571-b0a3-4f3a1e74a357",
    "position": 1,
    "thumbnail_url": null,
    "title": "Featured",
    "uuid": "d37640cc-173c-48ae-a629-b4b89c8b972b"
  }, {
    "color": null,
    "description": null,
    "description_short": null,
    "featured": false,
    "image_url": null,
    "meditations": ["f52fa900-cea2-4d60-8439-64fd3da125c2", "ab0a5473-6540-4215-9c3a-4c4e460b8e11", "9f604e27-eb8d-4081-90c8-ef3011f765ab", "3a205283-82b4-4de5-b3d0-3952c6655980"],
    "parent_uuid": "9b690091-ad96-4557-8dbf-23d23b13d979",
    "position": 1,
    "thumbnail_url": null,
    "title": "Featured",
    "uuid": "ebe1d3a2-4a70-4b8e-a033-81e14160a72d"
  }, {
    "color": "#DFD7E9",
    "description": null,
    "description_short": null,
    "featured": false,
    "image_url": null,
    "meditations": ["e9eb0b06-3a29-4cd2-bfb8-7a2698288050", "f76ebe66-fa9d-45b8-9be5-231ce7edae5b", "034d9e16-e466-423c-877e-0a0cf01574f7", "3d861c82-79c7-475b-bd34-cd50a5bd6233", "be9f6e9c-3b3b-4a1b-bdd5-5ef516879189"],
    "parent_uuid": "14d64c12-30b6-4298-9b93-03e7a2699817",
    "position": 1,
    "thumbnail_url": null,
    "title": "Featured",
    "uuid": "a1093927-981e-43cb-afb8-0fc1cc09c4bf"
  }, {
    "color": "#DFD7E9",
    "description": null,
    "description_short": null,
    "featured": false,
    "image_url": null,
    "meditations": ["d8932fba-e356-4896-be4e-b81fb0c44cfc", "c370ac8f-28fb-4d40-bee2-3a34df5e3fa5", "8d60d175-70e7-4dd3-874f-1875556bedf5", "d4f2bdba-e81b-4cf7-bac5-7cbc01c8be90", "025ca41c-5cc3-46d8-ae44-b9eb81ca2421", "ad263b16-d472-4a57-b641-592c4c736718"],
    "parent_uuid": "03d82577-96e4-45b9-93c6-a069d18e668c",
    "position": 1,
    "thumbnail_url": null,
    "title": "Featured",
    "uuid": "fe49333d-c414-46ee-afc1-c19ec0531651"
  }, {
    "color": "#DFE5E7",
    "description": null,
    "description_short": null,
    "featured": false,
    "image_url": null,
    "meditations": ["a9e97385-f2e9-4c27-a11d-ff39697cb106", "920ecf4d-b7a8-4079-bfb9-c50724b7680a", "dc9ab07c-dc50-4ca4-a5b2-e5b025893b15", "71bf016c-47b0-4d01-a7fb-2933a20fa873", "135d547d-18a1-48a6-a562-e325f74ffe40"],
    "parent_uuid": "5514a310-ac80-4e67-8eb4-ea8c949d697b",
    "position": 1,
    "thumbnail_url": null,
    "title": "Featured",
    "uuid": "6c0b5aea-89b6-4b5b-b3a8-b8d251fec509"
  }, {
    "color": "#B1E2E2",
    "description": null,
    "description_short": null,
    "featured": false,
    "image_url": null,
    "meditations": ["c114e1d4-91c8-4aeb-ab10-7a652408e02b", "9da8efcf-5948-4235-bd95-4c719ef5d964", "c71121c5-1b01-4e6b-babb-a43ce5f568b3", "960f1097-c170-4fad-9f26-9c86ccb15a2f"],
    "parent_uuid": "b44c6c4f-b50d-41ad-9066-4ed7b4a75ba6",
    "position": 1,
    "thumbnail_url": null,
    "title": "Featured",
    "uuid": "dc0014a6-0f86-40b4-9955-7ceb6a4e9319"
  }, {
    "color": "#B1E2E2",
    "description": null,
    "description_short": null,
    "featured": false,
    "image_url": null,
    "meditations": ["9a2fee2c-a8ea-443c-bf4f-d4329f2eb2ef", "e1edbec0-e5b3-4fac-9a2a-f87ba909cc44", "4430bdea-3800-43ad-b3bc-a9b853589c1a", "46251361-2d29-4649-a766-b196e2e6c0bb"],
    "parent_uuid": "22e84592-0080-4795-b311-03e4c81a7171",
    "position": 1,
    "thumbnail_url": null,
    "title": "Featured",
    "uuid": "7da387a9-6aaf-44c4-a296-a425e640fb82"
  }, {
    "color": null,
    "description": null,
    "description_short": null,
    "featured": false,
    "image_url": null,
    "meditations": ["17af350a-cefb-4178-92a9-7a0a0da3375d", "6f9331db-5e19-4266-a0c2-2b2175c3d63c", "897196d7-7c0f-431a-8ba2-dbb8c880d5ca", "b052a5a7-5bb7-42a1-99fd-a0542adb786d", "db51f8d4-47a1-4742-bc89-7212d6c0ade7", "c273c697-325c-4e4f-90a7-80bd3cfba079"],
    "parent_uuid": "9e0a68ac-5afd-409c-bc03-712510b0afba",
    "position": 1,
    "thumbnail_url": null,
    "title": "Featured",
    "uuid": "c496a67b-7a7b-44a0-a153-42e6ca740c7a"
  }, {
    "color": "#D8EBF9",
    "description": null,
    "description_short": null,
    "featured": false,
    "image_url": null,
    "meditations": ["e1a72742-7368-4e8b-bec7-26e9cd4f1654", "e09ff173-7fbb-4c07-9de8-d7cf42a1b8f5", "525a5ff8-f081-4e25-af11-671df5efc5b4"],
    "parent_uuid": "15f5ed92-5488-4319-b255-d01c990ebf0c",
    "position": 1,
    "thumbnail_url": null,
    "title": "Featured",
    "uuid": "b2bf67a9-2016-4834-90f1-1f020ffccd3e"
  }, {
    "color": "#CCE5CE",
    "description": "Meditations to help you stress less, and enjoy more of the good this holiday season.",
    "description_short": null,
    "featured": false,
    "image_url": "https://production.assets.changecollective.com/uploads/content/topic/image_cc/15/topic-cc-holiday.jpg",
    "meditations": ["aa7fd6b0-cde9-4b93-ad71-e2ad9387bc4b", "832a09ca-e4f1-496d-aa7b-d0a6684f3bf0", "bf50508f-f66f-4283-bfaf-45dca53b7688", "2fbe07ef-f467-41ff-b87e-1a3659695f80", "ccf6093b-ab94-4afc-a833-df9590a10176", "8e214496-a0e5-4a94-b85e-d4cf40feb22d", "af2827bb-ee40-4e8b-b952-ea24e3460dfb", "99e6d16c-9621-4250-a181-8bebb79b615d", "6c2522fc-6f6f-493b-8148-a8388a353d7b", "f48cd4bb-87ca-46c1-a3e1-913316efccd1", "1fe8c559-04a4-4082-bf7c-e59d573c1252", "64447125-4c65-457a-bbf7-2f2ae2e36f6b", "33b76dd0-9e17-4b7f-bf96-57b338693dc0", "f52fa900-cea2-4d60-8439-64fd3da125c2", "62265030-8bf7-47d1-9515-6f36267acefd", "66f3e59e-0c88-4f35-9831-ada294d83be2", "32b53004-1e84-439f-a82d-ff0d5cac5054", "a5e5c614-e903-4f96-9ccc-6d2ce790ce79", "86eb52d1-82e5-4731-be01-1dc6358f7f64"],
    "parent_uuid": null,
    "position": 1,
    "thumbnail_url": "https://production.assets.changecollective.com/uploads/content/topic/thumbnail_cc/15/thumb-cc-holiday.jpg",
    "title": "Holiday 2019",
    "uuid": "90ea6426-944c-4fbe-ba45-3bdf5db3faca"
  }, {
    "color": null,
    "description": null,
    "description_short": null,
    "featured": false,
    "image_url": null,
    "meditations": ["66f3e59e-0c88-4f35-9831-ada294d83be2", "32b53004-1e84-439f-a82d-ff0d5cac5054", "d51fa308-5db7-4979-aff1-7908e582f937", "54518fa3-b0a6-4ebb-98f4-bd6313735079"],
    "parent_uuid": "6c8b9286-a8ad-423f-9886-6fbcb8059354",
    "position": 1,
    "thumbnail_url": null,
    "title": "Featured",
    "uuid": "95a92a06-0e27-4a94-a197-1e56982871cb"
  }, {
    "color": "#DFE5E7",
    "description": null,
    "description_short": null,
    "featured": false,
    "image_url": null,
    "meditations": ["bbf70f4d-675a-4369-83c3-1bbc5c550101", "a5e5c614-e903-4f96-9ccc-6d2ce790ce79", "26d7d194-8d16-4a6f-91e5-b1f07345abc8", "dcbceb19-109b-4198-b5d6-9bd8de813ade"],
    "parent_uuid": "dcf6a99d-ba8a-4c04-ab40-d072df9fa149",
    "position": 1,
    "thumbnail_url": null,
    "title": "Featured",
    "uuid": "77699630-4cd2-4c88-b405-10037990811e"
  }, {
    "color": "#CCE5CE",
    "description": null,
    "description_short": null,
    "featured": false,
    "image_url": null,
    "meditations": ["a5c471fa-2ad0-4b7e-a84c-754c0fb0323f", "481b001d-c0ef-4ec8-9b95-8730523cb0e6", "0b3dd39c-91f3-46eb-aff1-add78d97b3ec", "614a1866-2c6d-4407-95db-5b484f25577b"],
    "parent_uuid": "8c2149bd-f201-40da-92e6-ed2f0f980ad1",
    "position": 1,
    "thumbnail_url": null,
    "title": "Featured",
    "uuid": "b90f816f-1262-4952-ab1f-7c76bad30421"
  }, {
    "color": "#CCE5CE",
    "description": null,
    "description_short": null,
    "featured": false,
    "image_url": null,
    "meditations": ["554efa76-2ffe-4e41-a034-f5abd10611a2", "2fd0e323-f8dc-4373-8ae8-b0eab6359357", "ba8241e3-19cb-461a-9e66-23fe637a63d8"],
    "parent_uuid": "f8925f71-bab9-4fd5-97f1-4e92bed85a53",
    "position": 1,
    "thumbnail_url": null,
    "title": "Featured",
    "uuid": "51ee83ff-8145-4251-95fc-7ded03f68d9c"
  }, {
    "color": "#D8EBF9",
    "description": null,
    "description_short": null,
    "featured": false,
    "image_url": null,
    "meditations": ["c114e1d4-91c8-4aeb-ab10-7a652408e02b", "481b001d-c0ef-4ec8-9b95-8730523cb0e6", "0a0c8786-37d5-4f61-9fd1-98986a05bc3d", "754edf6e-95aa-47c3-93e2-b14216902bcb", "de78912a-ba5b-4f21-aa98-2add7afb3271", "e9eb0b06-3a29-4cd2-bfb8-7a2698288050"],
    "parent_uuid": "d084a5d0-bfab-4614-893b-9c1d7d84a486",
    "position": 1,
    "thumbnail_url": null,
    "title": "Featured",
    "uuid": "5d6ad3c6-9784-4b9a-8389-5d54531026f4"
  }, {
    "color": "#D8EBF9",
    "description": null,
    "description_short": null,
    "featured": false,
    "image_url": null,
    "meditations": ["de800c6b-56cc-4e97-ad22-a3b68e74086f", "66f3e59e-0c88-4f35-9831-ada294d83be2", "92900e04-6ac9-489a-ae52-68466a9b1adb", "cb37ebef-bafb-4b86-857d-5792e1a8df84", "98ba080b-b9e9-4165-84c6-8d1a00adb15e"],
    "parent_uuid": "9211bb8c-f4aa-473c-9347-59e2dd751fe3",
    "position": 1,
    "thumbnail_url": null,
    "title": "Featured",
    "uuid": "d80cc3eb-3682-441f-872a-008fea8915d1"
  }, {
    "color": null,
    "description": null,
    "description_short": null,
    "featured": false,
    "image_url": null,
    "meditations": ["67352e07-a32b-4a09-96b4-c436626fc419", "9e132704-580e-4893-9ddc-bbf0c2cb7f0e", "135d547d-18a1-48a6-a562-e325f74ffe40", "dc192388-ba59-423c-bcc9-a23e4af1a7de", "a67566e0-d4c6-49dc-b21e-c5c02a625960"],
    "parent_uuid": "4801addf-cce4-4ff1-9dea-2fb2db669578",
    "position": 1,
    "thumbnail_url": null,
    "title": "Featured",
    "uuid": "b02e77bf-50ef-49f9-9f0d-4c9c4ca2bfe4"
  }, {
    "color": null,
    "description": null,
    "description_short": null,
    "featured": false,
    "image_url": null,
    "meditations": ["af2827bb-ee40-4e8b-b952-ea24e3460dfb", "1fe8c559-04a4-4082-bf7c-e59d573c1252", "eeb39021-28e6-475a-9033-a236a583a9d2", "eb664bd8-0560-439e-9e57-e5eddb622bfa", "14b7581a-9121-40a8-87a1-11bfbf50c3b3", "de5f07ba-bb54-400a-9fa7-73757ac29c63"],
    "parent_uuid": "6c8b9286-a8ad-423f-9886-6fbcb8059354",
    "position": 2,
    "thumbnail_url": null,
    "title": "Times of Trouble",
    "uuid": "a47096fb-d376-42dc-863b-0396d0314e42"
  }, {
    "color": "#CCE5CE",
    "description": "Keep your meditation fresh and inspired with fresh new content and editor's picks.",
    "description_short": "Find new favorites",
    "featured": true,
    "image_url": "https://production.assets.changecollective.com/uploads/content/topic/image_cc/17/topic-cc-new-rev-1.png",
    "meditations": ["d8670acc-c5af-4b1f-9714-21acb75b366a", "46251361-2d29-4649-a766-b196e2e6c0bb", "ad263b16-d472-4a57-b641-592c4c736718", "ab0a5473-6540-4215-9c3a-4c4e460b8e11", "bfe0eec7-b77e-4255-937b-6dd90050e1ca", "3e56f63b-5d50-420a-b874-e30b144147cc", "e846e7a8-a4c4-437b-b98c-7d75d796ad97", "bfe2a08d-d6a6-4716-8b3a-f2a23a995ae4", "fafce9aa-fbba-44b1-92b3-a26cea82288a", "838b1e0d-8383-41f8-8530-a2bc6372995a", "554de227-d314-4ab3-9163-f406918863b8", "88a2ade4-ea87-41fd-9423-590790faa859", "9cb49f0c-3cae-4184-bd49-99bb5699cd9d", "9f604e27-eb8d-4081-90c8-ef3011f765ab", "a3b2ebc3-4a73-448d-ad7c-0aa32ef5a4fd", "8654a4d6-0c1b-45f3-a0e5-08f92c6b324c", "3bd1a8a1-84f8-4be9-8f67-14eb4e0ec5fe", "ef3e4cd2-4d69-40bb-a923-bbaf0e18a953", "c7eed80b-1133-4667-b73e-8826049dacf2", "09ec52ba-4326-4428-82ce-d710f0972c43", "17020531-5a67-43fe-843c-c4633399cf2b", "474e8926-50b4-4cd7-91cf-bed246b7b4b2", "944180bd-74b1-400a-932b-de55d280883d", "bf3ec2bb-1893-441f-8d01-cb29daa245b4", "1982602d-f529-4905-a5f1-0f3d903a7d11", "80b25fa6-a0cd-4ab9-bedd-95a055eb0b2d", "73bbdfa3-2494-4650-a36e-771b01e20695", "8dd179f3-da7a-4ed1-8506-e8cd7d063ea6", "3c2482d8-f42d-4e2e-b7e0-737b6ecc08d1", "443ea3df-1a81-4e29-8531-721398210281", "3e3902a3-7c6d-4b34-ae20-74bfda408d9a", "54518fa3-b0a6-4ebb-98f4-bd6313735079", "b0d5d25e-dd1c-48fc-a11a-71293bfe568e", "ab114638-3fb1-4f24-bed8-01021d2a843b", "a11b4ce7-3a44-4e4d-9819-d1645750f6a0", "89c916c6-6b41-454d-bfac-8812e15441e3", "709010b8-3410-4252-a0c3-d86bb68779be", "0798ba20-c35b-42f1-8885-ca2a1afa0977", "ada14d25-a07c-4941-8ba6-e675d37186a3", "60216495-f77b-491e-b1c5-ad1de8eda6dc", "980752e7-4895-4952-ae63-a22377120d6a", "eb664bd8-0560-439e-9e57-e5eddb622bfa", "14b7581a-9121-40a8-87a1-11bfbf50c3b3", "de5f07ba-bb54-400a-9fa7-73757ac29c63", "c18251ac-3b9d-406b-819b-29fa74416bcb"],
    "parent_uuid": null,
    "position": 2,
    "thumbnail_url": "https://production.assets.changecollective.com/uploads/content/topic/thumbnail_cc/17/thumb-cc-new-rev-1.png",
    "title": "New & Noteworthy",
    "uuid": "543f6a90-c95a-4544-930a-6e8388b8783f"
  }, {
    "color": null,
    "description": null,
    "description_short": null,
    "featured": false,
    "image_url": null,
    "meditations": ["6c2522fc-6f6f-493b-8148-a8388a353d7b", "64447125-4c65-457a-bbf7-2f2ae2e36f6b", "0798ba20-c35b-42f1-8885-ca2a1afa0977"],
    "parent_uuid": "6c8b9286-a8ad-423f-9886-6fbcb8059354",
    "position": 3,
    "thumbnail_url": null,
    "title": "Feeling Thankful",
    "uuid": "ae6426eb-8943-4d3e-a716-079e146670dd"
  }, {
    "color": "#D8EBF9",
    "description": "Worried the 2020 election season will push you into boiling over or burning out? These meditations will guide you through staying as steady, sane, & engaged as possible.",
    "description_short": "Counterbalance the zeitgeist",
    "featured": false,
    "image_url": "https://production.assets.changecollective.com/uploads/content/topic/image_cc/75/topic-cc-election2020-rev-1-1601411596.png",
    "meditations": ["8346cb88-b657-479f-9126-c2c02c180828", "8db15d31-819b-48e2-8a52-661d6356d2fe", "8ebe08ed-6a85-4553-98b1-456ef8326336", "8161d7ea-ffb1-476e-99d6-fefc89afcf80", "448f1f17-1158-4b1e-be45-414c1d5876ed", "35c0048c-8ca7-4185-bc02-8c7d1f00d765", "bbf70f4d-675a-4369-83c3-1bbc5c550101", "66f3e59e-0c88-4f35-9831-ada294d83be2", "ff7386a2-5bd3-45d2-accf-b08dcf470658", "71bf016c-47b0-4d01-a7fb-2933a20fa873", "26d7d194-8d16-4a6f-91e5-b1f07345abc8", "bf4246e0-89b5-47a2-a359-fbcae2103dbf", "10bda08a-b138-410f-8781-f0cbd4d715a0", "460c0495-7971-4c98-8ed8-bb03a6c23ed0", "80b25fa6-a0cd-4ab9-bedd-95a055eb0b2d", "ad817276-1215-4045-af28-4601b76ed5fe", "d31ca45f-a993-4ea5-aa2d-2e7a1e8abb62", "7763f503-b242-494d-8e68-f945f3c9b621", "3e3902a3-7c6d-4b34-ae20-74bfda408d9a", "54518fa3-b0a6-4ebb-98f4-bd6313735079", "cb852965-67e4-4b4c-a2d0-c3765c3224bc", "1cd473ac-d2e4-47cc-ab21-b2f41e08f775", "b0d5d25e-dd1c-48fc-a11a-71293bfe568e", "ee3a2759-0a39-4342-a176-138804217077", "52d11b72-1deb-413f-95af-1822923ba532", "ab114638-3fb1-4f24-bed8-01021d2a843b", "04a114c0-ada8-4d51-99bc-e8198d61a884", "a11b4ce7-3a44-4e4d-9819-d1645750f6a0"],
    "parent_uuid": null,
    "position": 3,
    "thumbnail_url": "https://production.assets.changecollective.com/uploads/content/topic/thumbnail_cc/75/Artboard-1601411596.png",
    "title": "Election Sanity (2020)",
    "uuid": "4801addf-cce4-4ff1-9dea-2fb2db669578"
  }, {
    "color": null,
    "description": null,
    "description_short": null,
    "featured": false,
    "image_url": null,
    "meditations": ["f52fa900-cea2-4d60-8439-64fd3da125c2", "a5e5c614-e903-4f96-9ccc-6d2ce790ce79", "5240857d-bdbc-47ca-9874-f74a56c76187", "a11b4ce7-3a44-4e4d-9819-d1645750f6a0", "3d5a5ccc-e4b5-4c09-bf55-2b7097e9c1aa"],
    "parent_uuid": "6c8b9286-a8ad-423f-9886-6fbcb8059354",
    "position": 4,
    "thumbnail_url": null,
    "title": "Tools to Cope",
    "uuid": "a80798be-f587-4f52-b20f-5e3dc18bbb46"
  }, {
    "color": "#DFD7E9",
    "description": "New to meditation? This collection is a great place to start.",
    "description_short": "Training wheels for your mind",
    "featured": true,
    "image_url": "https://production.assets.changecollective.com/uploads/content/topic/image_cc/3/topic-cc-beginners-rev-1-1582745409.png",
    "meditations": ["3c7f8d7a-2f3e-4313-852f-cacf93b5ef2d", "9e587abc-9927-41a8-85c3-44a90cd0fa23", "01a5c1b7-ec5b-4387-84e9-ed2d1aec8220", "12ac396c-4dd0-45f7-9c53-564d7eaa54a1", "92886213-868f-47df-adef-88589b1537fc", "7aefaa9e-44ed-473e-9219-f2543ba98cfb", "ea3cec51-dba8-4dd5-bb5d-c050b98bea92", "3585aa4c-f165-420c-9134-c719a52d8f96", "0d80ba23-6f87-4748-8da9-f95d47fe68b3", "bf305cdc-b973-464c-b0cd-82b0e0802120", "ad0512b6-8596-41e6-bbaf-efc5b695b42c", "598d8571-b389-4fb4-9fb8-ba88c9b3dfa1", "d3de2be8-f12a-4e23-8c5a-d623d8a0ecad", "52ab4230-a239-4550-9d1c-e32364f2d136", "59ff3e38-24e4-4a74-b945-0cc522dfc91a", "5f3bfe0b-cd25-4141-9d12-22ebc921495c", "f3f07ec8-a0c0-46c0-839a-3b81631706b2", "b5f078b8-2657-4e82-ac1b-e0e11fffda2f", "7a267a18-bcb3-4bfb-af6d-7f29f4e7633f", "80062894-8cf6-4401-aeb0-77dd36072307", "270f33e6-00ca-4349-9097-46ec02c962b5", "ae4966d6-22f1-43eb-aceb-a43cb5a9a04a", "6d8306ed-f9a5-4ed1-9bb7-b184a7264120", "a1ada759-bd01-4f2f-8d48-fcf8346bf687", "05252119-e0b1-4654-bcdb-c607949e4505", "f1cce3ec-7417-4c08-8d8b-d765e1fb4a14", "7580c3d5-adb9-4f03-9ba3-651a32e37605", "86be6740-a702-47d6-89ce-b7e9842f628d", "613ab0d2-8e15-4f0d-a1ac-808432d51b38", "b4f50ded-d9cc-47e4-977b-d9a5a492ffff", "42410128-df3e-424a-b946-04be6916b945", "04b0aed0-7cb4-420a-adc5-2c60d047b286", "336db93b-e076-4148-a24f-6878891bec93", "9bf0ed27-823f-4894-b60c-44ff50799b96", "97b0bb02-2b66-4231-a96e-0589388759cf", "44a550f2-8a38-41df-b750-9f155beb0d77", "e59d909b-d63e-45e0-a6bb-8fed6e37e4d1", "519b7c14-05b3-4b42-8d71-c62a0493aa6e", "3fc63482-e311-4cc9-8c81-6313f2dae8ec", "8654a4d6-0c1b-45f3-a0e5-08f92c6b324c", "89c916c6-6b41-454d-bfac-8812e15441e3"],
    "parent_uuid": null,
    "position": 4,
    "thumbnail_url": "https://production.assets.changecollective.com/uploads/content/topic/thumbnail_cc/3/thumb-cc-beginners-rev-1-1582745655.png",
    "title": "Great for Beginners",
    "uuid": "14d64c12-30b6-4298-9b93-03e7a2699817"
  }, {
    "color": "#DFE5E7",
    "description": "Take a few minutes out of the day to build up your inner reserves and regain your balance.",
    "description_short": "Regain your balance",
    "featured": true,
    "image_url": "https://production.assets.changecollective.com/uploads/content/topic/image_cc/2/topic-cc-stress-rev-2.png",
    "meditations": ["10ea3c7e-e40a-47e9-8b1d-7f60e5ad8220", "3805d46e-3a64-4498-9065-5874458c5a4b", "e0cb6c86-a350-43aa-8c18-a68a27dd2d7c", "ece00905-dec6-41c3-ad08-210bb53f0061", "832a09ca-e4f1-496d-aa7b-d0a6684f3bf0", "6c0a9293-906a-4aed-a09b-a00f74035c16", "01219cfb-18e7-41e1-9564-b63fc41b2c58", "df180f98-7e09-48c3-8aae-28b1c5ae7113", "b56ecf04-ddc1-4045-a167-c8bafa545ab7", "a4082fbf-654a-4346-953d-85b90b608a1e", "e2972ca9-1e7c-4614-be4f-be44d837c7d2", "304ce48f-38c1-4e07-8c05-c649e7e21d7b", "f48cd4bb-87ca-46c1-a3e1-913316efccd1", "1fe8c559-04a4-4082-bf7c-e59d573c1252", "fd29d76b-39a4-4563-8abe-523aafdfb4b8", "448f1f17-1158-4b1e-be45-414c1d5876ed", "bbc5e256-f1c0-4ffe-bf62-353211b43f0e", "d8def330-70d7-41b8-b38a-f1232e4eb881", "03871bad-614a-4bf1-baed-157c02d7ad0d", "9257e23b-f4a3-4f70-974f-b699794eca4f", "0825f2b1-d587-445a-a582-e275e2be4b3e", "74601090-5d00-4d28-9c5f-2e0f183f1747", "754edf6e-95aa-47c3-93e2-b14216902bcb", "9c7e6af3-1454-4f0c-bcf2-01eae932351a", "7d5e3d51-6b3b-435b-a340-fff4e102af83", "901e6042-75c6-4cdf-8b5d-4c3ada64f174", "ff7386a2-5bd3-45d2-accf-b08dcf470658", "32b53004-1e84-439f-a82d-ff0d5cac5054", "5431af41-ba4c-4c28-b192-46be7c37ae44", "30f3697d-f4c9-4c2a-baab-d573c48c2198", "20afa8c6-6773-444f-a3c2-d31f6b20c1d6", "8b24cb32-b515-42df-8379-4bb387c7e84a", "41dd6643-0130-4912-9193-b9c41e24d365", "e63aed68-d941-49b1-be90-e6bae418178a", "93eb2a16-b408-4915-ad74-cbc405f5d847", "6ab4db4d-eeb9-4f7e-baca-14938ce9d57c", "c4192a00-dbb1-44ea-9b60-e51c744b8f5e", "1d44d2a1-181e-405e-bbda-d8a6c58529bf", "3e2a562b-efdc-40c0-907c-8e82721b377f", "653d1576-a3df-483b-9b7c-531efeebc5a5", "ab0a5473-6540-4215-9c3a-4c4e460b8e11", "bfe0eec7-b77e-4255-937b-6dd90050e1ca", "88a2ade4-ea87-41fd-9423-590790faa859", "5240857d-bdbc-47ca-9874-f74a56c76187", "80b25fa6-a0cd-4ab9-bedd-95a055eb0b2d", "7763f503-b242-494d-8e68-f945f3c9b621", "3e3902a3-7c6d-4b34-ae20-74bfda408d9a", "980752e7-4895-4952-ae63-a22377120d6a", "eb664bd8-0560-439e-9e57-e5eddb622bfa", "c18251ac-3b9d-406b-819b-29fa74416bcb"],
    "parent_uuid": null,
    "position": 5,
    "thumbnail_url": "https://production.assets.changecollective.com/uploads/content/topic/thumbnail_cc/2/thumb-cc-stress-rev-1.png",
    "title": "Stress",
    "uuid": "5514a310-ac80-4e67-8eb4-ea8c949d697b"
  }, {
    "color": null,
    "description": null,
    "description_short": null,
    "featured": false,
    "image_url": null,
    "meditations": ["aa7fd6b0-cde9-4b93-ad71-e2ad9387bc4b", "2edf3716-2905-43ad-85c8-e702d2958340", "62265030-8bf7-47d1-9515-6f36267acefd"],
    "parent_uuid": "6c8b9286-a8ad-423f-9886-6fbcb8059354",
    "position": 5,
    "thumbnail_url": null,
    "title": "Holiday Cheer",
    "uuid": "6780be01-61d4-4d39-bde6-0f2dadc9cff5"
  }, {
    "color": "#B1E2E2",
    "description": "Unpredictability is running high this holiday season. Stress less and enjoy more of the good amidst the chaos.",
    "description_short": "Stress less, enjoy more",
    "featured": true,
    "image_url": "https://production.assets.changecollective.com/uploads/content/topic/image_cc/79/topic-cc-holiday-rev-2-1606183037.png",
    "meditations": [],
    "parent_uuid": null,
    "position": 6,
    "thumbnail_url": "https://production.assets.changecollective.com/uploads/content/topic/thumbnail_cc/79/thumb-cc-holiday-rev-2-1606183037.png",
    "title": "Holiday",
    "uuid": "6c8b9286-a8ad-423f-9886-6fbcb8059354"
  }, {
    "color": "#D8EBF9",
    "description": "Conquer the wrong side of the bed. Rise and shine with these meditations to kick off the day.",
    "description_short": "Start off strong",
    "featured": true,
    "image_url": "https://production.assets.changecollective.com/uploads/content/topic/image_cc/5/topic-cc-wakingup-rev-1.png",
    "meditations": ["2999d2a2-68c4-47f3-9d8b-e6315a88ce2e", "4324833a-5a30-4053-b3a3-3fd6b3c0a395", "f4424af5-41c8-4f90-8946-4502bfe6346e", "4c8892d8-f598-4f98-86d1-ee5fb5eea579", "4c674a7a-19ec-44cb-90e4-877a37347b3d", "83c3b4ed-63c8-4777-a6cd-3e808e77bcb7", "cff5ed30-8f58-49f0-a5d0-3ffe84df7734", "dbdc2de2-04b0-46a7-9e94-5c9e7c5c3ecd", "5e79e3f3-c604-4341-9213-2eff67756add", "e21bc4c1-107f-48ca-8e99-2272a11a57ce", "b4a40731-798e-4f9e-87ac-e889dd0298e2", "f5df5ccd-70ec-4204-96da-02d4b74d082e", "b867d20f-939e-416a-82b1-5d4ded72b4f2", "c36d15bd-ae90-4287-b9ae-4abb728cd7db", "7df8a884-8168-441e-9e74-1476fedb5dfc", "9d45b1cd-aaf3-4a8d-80f6-11fa8d6ca341", "554de227-d314-4ab3-9163-f406918863b8", "3bd1a8a1-84f8-4be9-8f67-14eb4e0ec5fe", "09ec52ba-4326-4428-82ce-d710f0972c43", "cb852965-67e4-4b4c-a2d0-c3765c3224bc", "ada14d25-a07c-4941-8ba6-e675d37186a3"],
    "parent_uuid": null,
    "position": 7,
    "thumbnail_url": "https://production.assets.changecollective.com/uploads/content/topic/thumbnail_cc/5/thumb-cc-wakingup-rev-1.png",
    "title": "Waking Up",
    "uuid": "15f5ed92-5488-4319-b255-d01c990ebf0c"
  }, {
    "color": "#D8EBF9",
    "description": "Happiness is a skill you can build. Get your ten percent boost with these practices.",
    "description_short": "Find your happy",
    "featured": true,
    "image_url": "https://production.assets.changecollective.com/uploads/content/topic/image_cc/6/topic-cc-happy-rev-2.png",
    "meditations": ["ac173d64-e7ac-4912-a7d7-8ff4c20e28da", "e00a68d8-fe6d-43fa-9ef9-312c70fde4cc", "aa7fd6b0-cde9-4b93-ad71-e2ad9387bc4b", "1e679d5c-33db-46ce-a835-b3072a2f8c66", "95f1800d-3e30-454a-b562-5bcebdeeac94", "bf50508f-f66f-4283-bfaf-45dca53b7688", "041f721e-b4e7-4385-9569-b8d399fb5421", "ccf6093b-ab94-4afc-a833-df9590a10176", "0d5da0f1-739d-4bac-8e65-68a06f67c2b7", "9cf77938-d8c7-419f-9616-2cdcda31dedf", "dbf76a0c-5951-49ea-828d-9b8f804bac83", "4412969c-2900-4726-b2fb-62cd88d43cc5", "14787f28-8d10-46d9-b5fa-8f6d2229f3ec", "6c2522fc-6f6f-493b-8148-a8388a353d7b", "64447125-4c65-457a-bbf7-2f2ae2e36f6b", "33b76dd0-9e17-4b7f-bf96-57b338693dc0", "d34f22f5-e750-428e-bb79-005c2de1515e", "dc8bc233-0966-440c-af52-6c9f227ef665", "adacca2a-3dee-42a0-97d8-2ceeed05a429", "0ee0c676-4215-4d7f-9b0d-9129a3d79a5b", "9356d80d-9900-4001-814b-42d300fb48a2", "cc87ebe0-de72-4cc6-8883-4672af286283", "ac2ff3be-cc53-4cfa-b25c-44e4db26ca54", "b04c02de-4616-4f08-83f9-86a359fd1bd3", "8ab8948a-d112-423a-bf8b-78f1e6e2b291", "302c268c-6239-492d-8a2b-7c4154d22c20", "a4803971-e00e-418b-b151-2a53d2a867e2", "fe4c05e7-cd65-4481-ac61-b4d06bfa2ee9", "830e5b07-b274-4fa5-95ce-50d67b1f61b3", "9d23f86a-4cfc-4a02-935b-d71bfbf4a201", "73751265-07b6-4333-b2e6-a9d682e0b213", "6e200a0e-c93c-442d-8c9d-bb042d6cac0e", "d8670acc-c5af-4b1f-9714-21acb75b366a", "0d68040e-bb18-4663-a858-5fdfefe92651", "53176e1d-3144-415c-bc61-cdd16dc0d3c1", "d51fa308-5db7-4979-aff1-7908e582f937", "f272891b-4214-4846-86f5-f72d2f675609", "6fa8c6f3-753f-4636-a892-9ec4f92110e0", "8ef34ad9-1004-4373-b3d1-2973604b472b", "10bda08a-b138-410f-8781-f0cbd4d715a0", "69121d08-b4c3-4f16-94d2-5863d24dfa76", "9d970c28-16b8-45df-82de-24d61bde4075", "3e56f63b-5d50-420a-b874-e30b144147cc", "fafce9aa-fbba-44b1-92b3-a26cea82288a", "944180bd-74b1-400a-932b-de55d280883d", "bf3ec2bb-1893-441f-8d01-cb29daa245b4", "1982602d-f529-4905-a5f1-0f3d903a7d11", "8dd179f3-da7a-4ed1-8506-e8cd7d063ea6", "443ea3df-1a81-4e29-8531-721398210281", "54518fa3-b0a6-4ebb-98f4-bd6313735079", "0798ba20-c35b-42f1-8885-ca2a1afa0977", "3d5a5ccc-e4b5-4c09-bf55-2b7097e9c1aa"],
    "parent_uuid": null,
    "position": 8,
    "thumbnail_url": "https://production.assets.changecollective.com/uploads/content/topic/thumbnail_cc/6/thumb-cc-happy-rev-1.png",
    "title": "Happiness",
    "uuid": "9211bb8c-f4aa-473c-9347-59e2dd751fe3"
  }, {
    "color": "#D8EBF9",
    "description": "In times like these, we need practical, actionable ways of coping with stress, fear, and anxiety. The meditations here will help you build resilience and find some calm amidst the chaos. Stay tuned for regular updates.",
    "description_short": "Coping with chaotic times",
    "featured": true,
    "image_url": "https://production.assets.changecollective.com/uploads/content/topic/image_cc/65/topic-cc-corona-rev-2-1584138069.png",
    "meditations": [],
    "parent_uuid": null,
    "position": 9,
    "thumbnail_url": "https://production.assets.changecollective.com/uploads/content/topic/thumbnail_cc/65/thumb-cc-corona-rev-1-1584138069.png",
    "title": "Coronavirus Sanity",
    "uuid": "374abed1-bcd2-44dc-bd52-b69e65515154"
  }, {
    "color": "#DFE5E7",
    "description": null,
    "description_short": null,
    "featured": false,
    "image_url": null,
    "meditations": ["481b001d-c0ef-4ec8-9b95-8730523cb0e6", "50cda8db-6fab-4df4-8bda-26239e503240", "54f4a247-e9c2-4d0a-9cbc-c07cdcfb8a6c", "c273c697-325c-4e4f-90a7-80bd3cfba079", "ab0a5473-6540-4215-9c3a-4c4e460b8e11"],
    "parent_uuid": "374abed1-bcd2-44dc-bd52-b69e65515154",
    "position": 10,
    "thumbnail_url": null,
    "title": "For Crisis Responders",
    "uuid": "e9ee37e1-acea-49c3-9007-50b8fee67398"
  }, {
    "color": "#DFE5E7",
    "description": "Racism can't be ignored. While meditation provides deep comfort, it also challenges us to see the world clearly. These meditations encourage you to contemplate identity, meet intense emotions, deeply resource yourself, and radically shift patterns of pain and bias.",
    "description_short": "Attending to the fires of racism",
    "featured": true,
    "image_url": "https://production.assets.changecollective.com/uploads/content/topic/image_cc/72/topic-cc-racialjustice-rev-1-1591385544.png",
    "meditations": ["799f7428-ef02-4cd7-b9b1-8e5ae5548355", "381dbf18-aa5a-407d-bf42-06bb99eb3a0a", "b886799a-f44e-4ffc-988a-7438448f7dd2", "e1edbec0-e5b3-4fac-9a2a-f87ba909cc44", "d98364e9-eb81-44c8-a816-b8bd90a80430", "d4f2bdba-e81b-4cf7-bac5-7cbc01c8be90", "830e5b07-b274-4fa5-95ce-50d67b1f61b3", "4817f57e-d5b0-479a-af58-7a2ac08eec48", "54f4a247-e9c2-4d0a-9cbc-c07cdcfb8a6c", "e846e7a8-a4c4-437b-b98c-7d75d796ad97", "9cb49f0c-3cae-4184-bd49-99bb5699cd9d", "7a927207-26a0-466d-839c-88f8b67b11bd", "b42c2b7a-c6d0-4b9e-bc2b-4a515f750af1", "1982602d-f529-4905-a5f1-0f3d903a7d11", "0a5a8091-4f7d-4607-8149-97fbf32d58e0"],
    "parent_uuid": null,
    "position": 10,
    "thumbnail_url": "https://production.assets.changecollective.com/uploads/content/topic/thumbnail_cc/72/thumb-cc-racialjustice-rev-1-1591385450.png",
    "title": "Relating to Race",
    "uuid": "9b690091-ad96-4557-8dbf-23d23b13d979"
  }, {
    "color": "#B1E2E2",
    "description": "Less talk, more meditation. Return to these practices over and over, honing a specific technique or simply enjoying a little more breathing room. Each option trains a core skill to improve your confidence and help you develop a steady meditation habit.",
    "description_short": "Less talk, more meditation",
    "featured": true,
    "image_url": "https://production.assets.changecollective.com/uploads/content/topic/image_cc/78/topic-cc-lightlyguided-rev-1-1604892203.png",
    "meditations": ["48cdbd25-2faf-49e4-ba65-263599049ef7", "725b9ffc-5f5f-41fb-b94c-0bd3fbc2f989", "208f4ecc-a14b-4d43-9c0b-175b6fbdcd63", "9168541e-7ef0-457e-b1c4-b8b6b13f2660", "8318e5f8-0c30-416b-948c-93adf89a337a", "5ed6894f-4206-4a08-970d-e5561867664c", "49fa7cec-1b51-4497-aaba-ffc2f696985f"],
    "parent_uuid": null,
    "position": 11,
    "thumbnail_url": "https://production.assets.changecollective.com/uploads/content/topic/thumbnail_cc/78/thumb-cc-lightlyguided-rev-1-1604892203.png",
    "title": "Lightly Guided",
    "uuid": "b2340632-f65d-4017-b12f-532f64e87d53"
  }, {
    "color": "#B1E2E2",
    "description": "Get engaged and stay balanced on U.S. mid-term election day.",
    "description_short": null,
    "featured": false,
    "image_url": "https://production.assets.changecollective.com/uploads/content/topic/image/14/topicColor_relationships.png",
    "meditations": ["832a09ca-e4f1-496d-aa7b-d0a6684f3bf0", "5cb38976-adbe-4e5f-a9b9-5e4489c16bfb", "67352e07-a32b-4a09-96b4-c436626fc419", "0d5da0f1-739d-4bac-8e65-68a06f67c2b7", "6c2522fc-6f6f-493b-8148-a8388a353d7b", "35c0048c-8ca7-4185-bc02-8c7d1f00d765", "0263f55a-18a7-4e5b-b3f6-35df9dbbb701", "bbf70f4d-675a-4369-83c3-1bbc5c550101", "ff7386a2-5bd3-45d2-accf-b08dcf470658", "71bf016c-47b0-4d01-a7fb-2933a20fa873"],
    "parent_uuid": null,
    "position": 13,
    "thumbnail_url": null,
    "title": "Election Day (2018)",
    "uuid": "1437fa35-96f0-45d2-ba33-670feea56407"
  }, {
    "color": "#B1E2E2",
    "description": "Get to sleep quickly with these guided meditations (and train your mind along the way).",
    "description_short": null,
    "featured": false,
    "image_url": "https://production.assets.changecollective.com/uploads/content/topic/image/1/topicTile_sleep.png",
    "meditations": ["9bb92879-b1c0-4bbb-a9aa-3e40ebcc0db1", "188a8e42-eafa-4e26-b032-2f2f08606bd6", "2c06363a-2fd5-4406-b8a0-00ba144dcddb", "43038ff3-14a7-426e-badc-7c2e88631798", "a7941173-5f24-4723-b804-95b717b83de8", "eeac8516-141c-457c-864b-e7a0271e06bb", "749abc1b-583f-48c8-9c67-a87bb1c8c65a", "33b34fe4-6b04-43f6-b2cd-51a9bb83fce2", "bcd35dbe-83ff-4a85-8d17-f6dde16b2251", "4d51b904-c1c8-4a11-86b5-783eb887d1ab", "754b66d3-9a30-4f96-ad66-a606b1258505", "2234b089-4657-4602-b012-71e88ef76480", "ebddc481-8461-426d-93b8-ff7a19a9f50b", "bba1410b-d9c5-43a3-ac55-7a381785ce40", "33f33b9a-d6b0-4370-8ab6-64a6b9b1fb3f", "550d05f6-5be2-4fd1-b697-60164269a2fd", "d90616bd-0500-4dca-8c28-e7604b25b9ec", "1f9f6d67-8856-4059-8ffb-185ba7935eed", "618281bd-e7e8-41af-a706-da0afe1f10b0", "5ae85ae8-9bcf-4ea4-b659-e0a19fd96d5f", "4df8c9c1-0cf2-4f2f-85d6-52a6427962e1", "5ec4e408-ebe3-497b-9e9d-1b8e1ced6b70", "d183d772-5604-44c0-b320-6d941ed4ae8d", "dd12e98c-d10e-4655-bfbd-4a877d2dd82f", "6f3181ed-e867-4c1d-8adc-3e1b3a5915b1", "ee3a2759-0a39-4342-a176-138804217077", "1d08e4f1-31a2-4fdc-ae9f-d77ee5591457"],
    "parent_uuid": null,
    "position": 14,
    "thumbnail_url": null,
    "title": "Sleep",
    "uuid": "9e0a68ac-5afd-409c-bc03-712510b0afba"
  }, {
    "color": "#DFD7E9",
    "description": "When the tough stuff comes up (and it will), these meditations will teach you how to respond wisely.",
    "description_short": "Shelter for stormy days",
    "featured": true,
    "image_url": "https://production.assets.changecollective.com/uploads/content/topic/image_cc/8/topic-cc-diffemotions-rev-1.png",
    "meditations": ["5a4d7e35-3cfc-4af1-8948-6caede5baa15", "3aca78f7-3d06-41e6-b53a-78f5f70ccd73", "508dc6c4-bb00-4148-a704-c27a13bdb281", "2958a90b-2ded-4171-bc47-4fd00c8d792b", "fe2a8f1c-f3c7-424c-bd3a-8784eae405b0", "13865b54-6d4f-4bb6-b38a-dfa31a2411fa", "b6e2c338-f1ae-4e7d-8ef2-6c74f4f24f47", "9c0526bc-52b3-44f9-b386-61502770cf00", "e349ae9c-3baf-4e9f-a96e-45f1624bfa6e", "e74bf305-8cd5-4e94-8972-8f06f15b0491", "c0258bc8-cc0e-48dc-b589-1758e67a759d", "d85eb184-7b28-4b95-9029-eac3ed0cc1d5", "97c74834-d54a-4ecc-a830-87f47713ff32", "1d83a58c-4e05-48ba-ba5f-4dcef00e48d0", "b1871ef7-d03c-4e50-99fd-d288e7f4eba9", "62765f3c-0cb7-419c-bd58-16f0e1fafee4", "96a793fe-d19c-4e84-b46d-e273b47be4a8", "a78f6fd6-5c6d-4672-b9cf-3042d3752f07", "9817aeed-2ced-4577-a5f7-dedd0c40147a", "8682f33f-ec6c-4d66-856d-1bdefd27f59a", "b886799a-f44e-4ffc-988a-7438448f7dd2", "0a71889f-e3c0-45ba-9b52-929a1ae8cc72", "c3dd4f66-5ec3-4fc7-a2b9-4bda6423f79a", "b7c845c4-a41f-4815-b919-706ae0f2bf62", "f52fa900-cea2-4d60-8439-64fd3da125c2", "6d5f3a25-f237-42aa-9eb4-ea778038c77b", "29c05387-c60f-4ebc-bd39-b40934a502ad", "0a0c8786-37d5-4f61-9fd1-98986a05bc3d", "d98364e9-eb81-44c8-a816-b8bd90a80430", "bbdbcd5d-0765-48ef-bb19-28d9325d9264", "22a14453-103c-45e0-80eb-1500688af66b", "cc01e8ee-ad80-48e3-9916-d160e3828592", "63bba532-84e7-4dd1-a0df-5f734be86239", "376884ab-e08b-4a50-9ec5-e2f1a6f4b3ce", "eeb39021-28e6-475a-9033-a236a583a9d2", "c56c94a5-f14c-46f9-9fee-fe9018085d8f", "3f89a77e-5a3c-47a9-8c69-ad2d500575b8", "372211ef-d333-4e59-9feb-e25b0e199e9d", "9c3bb259-49b3-4d24-883f-706dd79539ae", "dc192388-ba59-423c-bcc9-a23e4af1a7de", "4817f57e-d5b0-479a-af58-7a2ac08eec48", "6c1946e8-d44b-48c9-8adf-830ff3cd97ca", "59c693e4-de4c-4e08-8eee-95fb36296938", "06cd264b-c462-4e87-8a9a-76be4093c7f2", "e846e7a8-a4c4-437b-b98c-7d75d796ad97", "ef3e4cd2-4d69-40bb-a923-bbaf0e18a953", "b0d5d25e-dd1c-48fc-a11a-71293bfe568e", "ab114638-3fb1-4f24-bed8-01021d2a843b", "a11b4ce7-3a44-4e4d-9819-d1645750f6a0", "14b7581a-9121-40a8-87a1-11bfbf50c3b3"],
    "parent_uuid": null,
    "position": 15,
    "thumbnail_url": "https://production.assets.changecollective.com/uploads/content/topic/thumbnail_cc/8/thumb-cc-diffemotions-rev-1.png",
    "title": "Difficult Emotions",
    "uuid": "bd8252c1-5aad-4571-b0a3-4f3a1e74a357"
  }, {
    "color": "#B1E2E2",
    "description": "Don't let distractions derail your day. Learn how to harness your attention, so you can concentrate on the things that matter most.",
    "description_short": "Fend off distractions",
    "featured": true,
    "image_url": "https://production.assets.changecollective.com/uploads/content/topic/image_cc/4/topic-cc-focus-rev-1.png",
    "meditations": ["6d1f43be-0961-42c4-827d-5eb24c067520", "d88e7aa5-fd6b-4476-9846-cec2eb112093", "403af5e8-a8e1-47b0-aba4-de4c1c081292", "71f79c59-8407-4e9a-9bdb-7eba7869b755", "2404d076-1c8b-4185-a2bd-8817cda39eda", "872eef62-cb82-465c-b17d-1dad23a4f8bd", "688ac35c-76cf-4e57-86bf-4fae5e4ade42", "d223ad13-c091-46a6-bc43-2ffe7d149ef5", "ce8c9cbe-714b-4caa-8e78-05317aa06c70", "d8ab70c4-95c3-4900-a631-e7820fb547e9", "47d0eace-2765-4742-9d78-caf150ef4d7d", "c9a0934f-523d-4928-9bf4-02263f94aae8", "b1fdca67-a18b-4bb5-afa3-27336d08ccf9", "f714053a-a12e-4193-a529-34890e449921", "6b94a149-051e-4893-b62f-456188134049", "8586ac40-ef17-4e64-8f4f-96d0551bb365", "68d2a7f3-8189-4799-b87b-48b36fa31855", "c6a966d9-7da9-45ac-b294-c84ab5a6ada3", "1df4b54c-c26a-48de-8f34-bdaa61c5fb24", "2edf3716-2905-43ad-85c8-e702d2958340", "32b896c1-078d-4f27-ae42-821d37bbca0d", "3c01c5ba-727c-48d7-9e70-ae35eb257d3a", "50f18c39-90c1-4e69-a6e4-3b99a4f15838", "efd2800c-92b1-4dc8-883d-93a273ea6aeb", "6f2ad654-6f78-47a6-842a-cec5406f1d5f", "f3f0a81e-0e1f-47d4-879c-c5c96b66ae9b", "c367c3e6-b37d-4277-8031-0a4192be1155", "4a05cf12-82d1-40e8-ba1e-d1a7baefc7c1", "ee51adc1-2199-49cc-97e3-b40dc3d57226", "6eb7bc73-b0a1-4c78-9681-ae2cd0d518a4", "ac6f76f8-01c9-4878-a5af-971fbd03c661", "984453a1-9050-46bc-b815-ad824f91a6ca", "ea53228d-ef45-450b-8060-cdc4e9a7d826", "0789c251-3e41-4b5f-8bbd-a92f197d8d20", "006bfd11-7ae8-457f-8daf-bf65c46608d2", "60216495-f77b-491e-b1c5-ad1de8eda6dc"],
    "parent_uuid": null,
    "position": 16,
    "thumbnail_url": "https://production.assets.changecollective.com/uploads/content/topic/thumbnail_cc/4/thumb-cc-focus-rev-1.png",
    "title": "Focus",
    "uuid": "b44c6c4f-b50d-41ad-9066-4ed7b4a75ba6"
  }, {
    "color": "#CCE5CE",
    "description": "Every activity—walking, cleaning, commuting—can be a practice. These meditations help you train your mind, no matter where you are.",
    "description_short": "Practice anywhere",
    "featured": true,
    "image_url": "https://production.assets.changecollective.com/uploads/content/topic/image_cc/9/topic-cc-onthego-rev-1.png",
    "meditations": ["2924b5c7-d3b9-4696-9456-4ca3ecbdb47b", "40e680ed-09cc-4ce7-ba66-9b8a07db87e4", "d8e11104-84a8-4a84-b940-c02c31b6c00f", "1f14d06d-5152-4581-b8a6-32b1adab1363", "0f6092a7-525d-44ef-8b85-21ada0d80f2a", "ffb9e3cb-d156-443b-868b-e40773b7f841", "108d4bf7-7144-4906-b997-7a7aee28e24a", "7aa7813a-da2f-423a-899a-9d0c2f87f2b4", "35c0048c-8ca7-4185-bc02-8c7d1f00d765", "964360ff-ed4c-4f96-820b-0d19781d8509", "fefa1e69-cad0-43a6-ad40-2cf9b424d3e5", "aec7daa4-0004-48a5-8271-d9d9ed289961", "c3518a76-702a-4688-a6a5-14e51f59083f", "62259f48-a049-4e5a-991e-ad0dc644c8af", "69d545ed-8774-4948-9255-dfa1b294abb1", "9323bec6-093e-4c38-8c58-cb9ae7c12a08", "f8a4b042-01eb-4457-b738-6615ee99693c", "085e40c3-2e1d-452c-8938-d0848d1d1515", "39e6a7af-98d0-4077-b549-a8c14ed3ea9a", "d88c777a-3348-42e7-a564-cc3930a2ed68", "5bf54d80-ee24-46d2-8aaf-a375ffbc9982", "838b1e0d-8383-41f8-8530-a2bc6372995a", "fe197e85-56c3-4bff-853b-5fe7cd2733b9", "554de227-d314-4ab3-9163-f406918863b8", "a3b2ebc3-4a73-448d-ad7c-0aa32ef5a4fd", "474e8926-50b4-4cd7-91cf-bed246b7b4b2", "73bbdfa3-2494-4650-a36e-771b01e20695"],
    "parent_uuid": null,
    "position": 17,
    "thumbnail_url": "https://production.assets.changecollective.com/uploads/content/topic/thumbnail_cc/9/thumb-cc-onthego-rev-1.png",
    "title": "On The Go",
    "uuid": "8c2149bd-f201-40da-92e6-ed2f0f980ad1"
  }, {
    "color": "#DFE5E7",
    "description": "Relationships are the bedrock of human life. Do yourself (and everyone around you) a favor by learning how to better handle your mind.",
    "description_short": "Build better connections",
    "featured": true,
    "image_url": "https://production.assets.changecollective.com/uploads/content/topic/image_cc/7/topic-cc-relationships-rev-1.png",
    "meditations": ["8a025c7b-1070-428a-b248-f32efbc93d82", "93fdf82e-31b3-42f8-b3da-8ad955215a9e", "fcc335cf-605c-4cbd-9be0-d22f88e91198", "d0e61ba0-6921-41a6-819e-72c68d32103b", "2d39cb6d-de11-4524-98ed-fdcb63bec8fd", "ae024c4f-a735-4cc3-9326-d1e475580dfa", "beff5a8c-3f0f-4758-990e-27be779f7918", "a235b7ad-2cd0-4311-8e11-22e1e1932a53", "a4b11143-3a4a-4ed2-be75-4e476494b034", "e41b0bc2-46c8-41cc-ab3a-36c0bb526ef9", "f42d98c7-8407-4597-a210-c2da0227d8ed", "e6163f01-5437-46e7-ae3f-11d3dd2e0625", "5dd2ab3c-9c0c-47a2-8cdf-a152bd7796af", "e80b1a5f-e34c-4f01-aac3-972aafc034b4", "61bc1108-b424-47d1-9845-4b39f1cd087b", "e83d9883-60eb-47cd-86d2-797714c88907", "541e651f-71b4-479b-a1ce-e87dfd80b1a5", "5be45e37-f0a7-43bc-9672-70a160cc544d", "00184074-6fa1-4755-bac9-7f57bd4fc8fa", "89f722a3-1a2c-4e7d-849c-34fbeaabaebd", "85a55300-163d-42e9-80e2-e4da34db4222", "e1800e19-afab-43c3-b197-690d74c289d0", "1ae46a43-f5a0-4ed0-bd1a-b03094747c93", "6a3f6102-2340-459d-9f55-2506f7492698", "73d45ad3-ad17-4076-9847-7030cc28b4c1", "8161d7ea-ffb1-476e-99d6-fefc89afcf80", "e678089d-b3bc-4f42-bfe9-41b8d555341c", "0931b7d2-6563-45b4-bacd-88bac27728eb", "f93c0085-458a-4b04-a5d2-0cdbab559f76", "893c9ca6-9ad0-4cbe-9f1f-17bb940f12ae", "c1b81856-1fdd-42c4-8d91-51093e6be7d7", "a1d97b25-4d11-4f34-a9ba-a4e40c6a45fe", "491b2536-4d78-4c0f-b134-a01730793624", "4b2c6656-fd66-4cd8-bb10-5ec5d2106830", "ad817276-1215-4045-af28-4601b76ed5fe", "de5f07ba-bb54-400a-9fa7-73757ac29c63"],
    "parent_uuid": null,
    "position": 18,
    "thumbnail_url": "https://production.assets.changecollective.com/uploads/content/topic/thumbnail_cc/7/thumb-cc-relationships-rev-1.png",
    "title": "Relationships",
    "uuid": "dcf6a99d-ba8a-4c04-ab40-d072df9fa149"
  }, {
    "color": "#DFD7E9",
    "description": "If it's possible to be ten percent happier, what's the limit? Dip your toes into the deep end with this collection.",
    "description_short": "Dip into the deep end",
    "featured": true,
    "image_url": "https://production.assets.changecollective.com/uploads/content/topic/image_cc/10/topic-cc-advanced-rev-1.png",
    "meditations": ["45b5f520-5ac4-40be-8e33-319c08689201", "d03e6d9c-21ef-4eb1-99fb-e5c1147a040d", "5ee00fe8-00d6-4f10-8f47-b9000f2c66c6", "15972f43-0676-4982-9334-c1fc0ef6b515", "3b3586f8-214f-44af-9671-245055026845", "4ea765fa-6a69-40d5-8805-c8dfa20bd1ce", "ceefe997-c68f-4192-b01c-7bb39de8dc0d", "c63b6910-daf7-4d13-bbd5-b08c9e21815a", "91911191-6113-4277-bc2c-5d05f3c1caf0", "eeb7d7a5-9faf-4047-8eb0-6a180b37049b", "89f8605a-c10a-4944-ab63-247e3c8aedb9", "2859f657-2295-4c15-bf8a-791f8fd058cd", "5f2269e8-02e0-4a0d-b32a-3ec7e295dd57", "8b38e914-3437-49c7-b070-f8013ab9ba47", "cb13ceb7-7b4a-4cc3-8b81-612942e9cc0c", "85325e15-8b76-4fdb-8793-be4985645aaf", "89ee9845-8845-4391-809f-2beabe80b03b", "5d229d04-558e-4a86-b548-5973d2d21a9a", "f65cfd09-1962-4980-a1e0-539613a30236", "c637add0-c2ae-4b0c-a06a-926a151585b6", "d91e2631-9c2f-4117-b394-f8f8295b5831", "f49185bc-660e-4376-9c49-f40138d0cc92", "c6cb074a-42c7-4867-8fce-e1232aef3cd1", "6e36e4bb-cf3d-45fa-b3de-4affe94b93f8", "d097980a-ccbb-4d8c-b25a-6fc93c5f4998", "f79d1321-caf5-4db3-9b3f-c4d5c6492fa7", "a986e02b-a660-4b00-82ad-922da3fcca07", "7c9228a5-2398-477f-849b-00674fcb74de", "01e86427-7bf4-47ad-b544-0ba01c23590a", "1ba1eb16-2918-4f7d-b4cd-160ecad8e4ab", "792b69fa-13b0-43d8-ad47-a0c05e548eec", "24e3f965-969f-4957-9bed-f0cdd7d2f9bf", "9cb49f0c-3cae-4184-bd49-99bb5699cd9d", "c7eed80b-1133-4667-b73e-8826049dacf2"],
    "parent_uuid": null,
    "position": 19,
    "thumbnail_url": "https://production.assets.changecollective.com/uploads/content/topic/thumbnail_cc/10/thumb-cc-advanced-rev-1.png",
    "title": "Advanced & Unguided",
    "uuid": "03d82577-96e4-45b9-93c6-a069d18e668c"
  }, {
    "color": "#DFE5E7",
    "description": null,
    "description_short": null,
    "featured": false,
    "image_url": null,
    "meditations": ["9e132704-580e-4893-9ddc-bbf0c2cb7f0e", "bf4246e0-89b5-47a2-a359-fbcae2103dbf", "88862a78-047c-4b5d-8119-85aa61547f70", "c56c94a5-f14c-46f9-9fee-fe9018085d8f", "d51fa308-5db7-4979-aff1-7908e582f937", "7a60a340-5790-42ad-ba71-bd1e7fd7bf4b", "a9573d75-9a9a-4369-8fed-2a8f73f17f0d", "06cd264b-c462-4e87-8a9a-76be4093c7f2", "bfe0eec7-b77e-4255-937b-6dd90050e1ca", "3e56f63b-5d50-420a-b874-e30b144147cc"],
    "parent_uuid": "374abed1-bcd2-44dc-bd52-b69e65515154",
    "position": 20,
    "thumbnail_url": null,
    "title": "For Tough Moments",
    "uuid": "d0adcc20-54e6-4bc9-9d31-21183f2916a4"
  }, {
    "color": "#B1E2E2",
    "description": "Bring your body and mind into sync. These meditations focus on health and wellbeing.",
    "description_short": "Take care of yourself",
    "featured": true,
    "image_url": "https://production.assets.changecollective.com/uploads/content/topic/image_cc/12/topic-cc-health.png",
    "meditations": ["42aa1c7f-658e-4273-98e1-ce54cca37890", "16ad98bf-4ec0-4587-b10f-6df0a781bbfa", "e824f022-c3ba-40c3-a1d0-7ab45d0ed4ad", "27e988ba-5553-429e-8614-83e2d83dc295", "dd3e0408-3aa3-4586-824a-f45b5186de1f", "31f8a067-3fc3-421c-a1af-7e4388125902", "2fbe07ef-f467-41ff-b87e-1a3659695f80", "3e385da4-bec8-4290-9dd1-ded2ab101aad", "4f7fc671-aed8-4f28-bc64-3f023b020dff", "1b6184f7-97b2-4ea7-bf7e-8244e7e8633d", "94506c29-fa0e-49ef-9206-c1e486302c2d", "33c7a2ee-bdd5-4f60-8465-c16359d559a8", "e52fe872-bda9-41e7-9e00-3e23a65c591d", "53040c1b-7906-4160-8f03-02dba4627803", "7065317f-035a-4eb4-8787-8b468f0e004a", "e9c5ab2a-c55e-4399-a2f4-bc826298e1fe", "94da3ad1-b346-4d82-a204-66b86436e0f7", "b9537337-3f04-4d37-9a43-16f072130f14", "57e351b0-6744-4c16-b35f-370e014e3dab", "bd622e66-aa95-4f7b-bf0e-571f7c9588ac", "320a40f0-89aa-4af5-b948-7bd5eefc3d50", "d88c777a-3348-42e7-a564-cc3930a2ed68", "838b1e0d-8383-41f8-8530-a2bc6372995a", "17020531-5a67-43fe-843c-c4633399cf2b", "3c2482d8-f42d-4e2e-b7e0-737b6ecc08d1", "709010b8-3410-4252-a0c3-d86bb68779be"],
    "parent_uuid": null,
    "position": 20,
    "thumbnail_url": "https://production.assets.changecollective.com/uploads/content/topic/thumbnail_cc/12/thumb-cc-health-rev-1.png",
    "title": "Health",
    "uuid": "22e84592-0080-4795-b311-03e4c81a7171"
  }, {
    "color": "#CCE5CE",
    "description": "The hallmark of a good practice is that we don't take ourselves too seriously. So lighten up and enjoy these slightly goofy meditations.",
    "description_short": "Shake off seriousness",
    "featured": true,
    "image_url": "https://production.assets.changecollective.com/uploads/content/topic/image_cc/11/topic-cc-mischief-rev-1.png",
    "meditations": ["8db15d31-819b-48e2-8a52-661d6356d2fe", "ce24cf6d-bb03-4bc1-82df-2a8ca9c0bf99", "3b3b95b3-beed-4e3a-806a-2d10c405d8e3", "02541179-f3ec-44ec-9db6-0139157e962e", "2fdd5532-a4b9-44f8-9839-66d25f9c2231", "45ab49ab-533a-4f42-9df8-3269dab881df", "86eb52d1-82e5-4731-be01-1dc6358f7f64"],
    "parent_uuid": null,
    "position": 21,
    "thumbnail_url": "https://production.assets.changecollective.com/uploads/content/topic/thumbnail_cc/11/thumb-cc-mischief-rev-1.png",
    "title": "Mental Mischief",
    "uuid": "f8925f71-bab9-4fd5-97f1-4e92bed85a53"
  }, {
    "color": "#D8EBF9",
    "description": "Here are some of the memorable moments and insightful practices that inspired our New York Times bestselling books.",
    "description_short": "The best from our bestsellers",
    "featured": true,
    "image_url": "https://production.assets.changecollective.com/uploads/content/topic/image_cc/13/topic-cc-books-rev-1.png",
    "meditations": ["a5c471fa-2ad0-4b7e-a84c-754c0fb0323f", "c370ac8f-28fb-4d40-bee2-3a34df5e3fa5", "fefa1e69-cad0-43a6-ad40-2cf9b424d3e5", "aec7daa4-0004-48a5-8271-d9d9ed289961", "ba8241e3-19cb-461a-9e66-23fe637a63d8", "a220e332-7d9f-4883-bd56-0bebd58000bc", "826a72ed-70ce-4241-886c-cfccd07cd755", "29c05387-c60f-4ebc-bd39-b40934a502ad", "adacca2a-3dee-42a0-97d8-2ceeed05a429", "0114aa2e-7192-4a68-bec4-de54329b9dd2", "7216c814-3728-415b-8342-4286162047b6", "8d60d175-70e7-4dd3-874f-1875556bedf5", "cd63e0ff-b1d6-45e4-a798-93e39768861b", "c3518a76-702a-4688-a6a5-14e51f59083f", "53040c1b-7906-4160-8f03-02dba4627803", "a986e02b-a660-4b00-82ad-922da3fcca07", "45ab49ab-533a-4f42-9df8-3269dab881df", "66f3e59e-0c88-4f35-9831-ada294d83be2", "9c7e6af3-1454-4f0c-bcf2-01eae932351a", "18e9bffe-914b-45fd-be88-27d3de6860e2", "ee51adc1-2199-49cc-97e3-b40dc3d57226", "5028c6ff-b374-41de-9f5c-2ba1b09d0c37"],
    "parent_uuid": null,
    "position": 22,
    "thumbnail_url": "https://production.assets.changecollective.com/uploads/content/topic/thumbnail_cc/13/thumb-cc-books-rev-1.png",
    "title": "From Our Books",
    "uuid": "d084a5d0-bfab-4614-893b-9c1d7d84a486"
  }, {
    "color": "#DFE5E7",
    "description": null,
    "description_short": null,
    "featured": false,
    "image_url": null,
    "meditations": ["a9e97385-f2e9-4c27-a11d-ff39697cb106", "c71121c5-1b01-4e6b-babb-a43ce5f568b3", "e21bc4c1-107f-48ca-8e99-2272a11a57ce", "46251361-2d29-4649-a766-b196e2e6c0bb", "3e2a562b-efdc-40c0-907c-8e82721b377f", "135d547d-18a1-48a6-a562-e325f74ffe40", "fafce9aa-fbba-44b1-92b3-a26cea82288a"],
    "parent_uuid": "374abed1-bcd2-44dc-bd52-b69e65515154",
    "position": 30,
    "thumbnail_url": null,
    "title": "Making the Most of Things",
    "uuid": "2c4268eb-93b9-40a5-9419-b3516ab08abf"
  }, {
    "color": "#DFE5E7",
    "description": null,
    "description_short": null,
    "featured": false,
    "image_url": null,
    "meditations": ["085e40c3-2e1d-452c-8938-d0848d1d1515", "838b1e0d-8383-41f8-8530-a2bc6372995a", "fe197e85-56c3-4bff-853b-5fe7cd2733b9", "554de227-d314-4ab3-9163-f406918863b8", "006bfd11-7ae8-457f-8daf-bf65c46608d2", "de5f07ba-bb54-400a-9fa7-73757ac29c63"],
    "parent_uuid": "374abed1-bcd2-44dc-bd52-b69e65515154",
    "position": 35,
    "thumbnail_url": null,
    "title": "Happier Home Life",
    "uuid": "1b836136-e45b-494f-a74c-a0e6a2510c76"
  }, {
    "color": "#DFE5E7",
    "description": null,
    "description_short": null,
    "featured": false,
    "image_url": null,
    "meditations": ["06f36a82-ef47-4ec6-ba60-1810f1e523b2", "c3d81243-0f1b-4337-8e16-17905b6e0ca3", "d5503597-8ac8-4746-ab2b-f31c9a692df1", "56c3e2c4-d61c-4284-8df6-52389da9864e", "b3a85d5b-96b1-4c7f-b888-18764b62da80", "bfe2a08d-d6a6-4716-8b3a-f2a23a995ae4", "be2a876a-8f78-4495-a4a0-4937ac3141e1", "e0cf5a28-a8a6-4bf5-bb72-df965107fda2", "6afb3f36-4e72-402f-a9ce-221cade94ae6", "88a2ade4-ea87-41fd-9423-590790faa859"],
    "parent_uuid": "374abed1-bcd2-44dc-bd52-b69e65515154",
    "position": 41,
    "thumbnail_url": null,
    "title": "Family at Home",
    "uuid": "db987565-6354-4462-a22a-5f94833c9136"
  }, {
    "color": "#DFE5E7",
    "description": null,
    "description_short": null,
    "featured": false,
    "image_url": null,
    "meditations": ["e1edbec0-e5b3-4fac-9a2a-f87ba909cc44", "4ad5ab2f-3bec-4d48-8802-ac9e099b3cbf", "3f89a77e-5a3c-47a9-8c69-ad2d500575b8", "e846e7a8-a4c4-437b-b98c-7d75d796ad97", "5240857d-bdbc-47ca-9874-f74a56c76187"],
    "parent_uuid": "374abed1-bcd2-44dc-bd52-b69e65515154",
    "position": 52,
    "thumbnail_url": null,
    "title": "Encountering Illness",
    "uuid": "51123e04-4ddb-422e-87a4-5a33ce8b556e"
  }]
}
